ordem,nc,a,b,fv
0,4,1.14132,1.8011,2.38908
1,8,0.918797,1.8011,3.15671
2,8,0.541373,1.55356,3.50071
3,8,0.541373,1.58024,3.1311
4,13,0.566252,1.59481,4.8269
5,11,0.566252,1.45619,4.77779
6,9,0.783406,1.8011,4.24935
7,15,0.627124,1.59805,4.91461
8,8,0.700701,1.78441,3.79966
9,14,0.640953,1.5188,5.08516
10,15,0.559575,1.46986,4.80004
11,14,0.463547,1.51707,4.11325
12,14,0.340784,1.45077,2.9967
13,7,0.962731,1.8011,2.98987
14,11,0.55282,1.60492,3.32505
15,12,0.55282,1.59685,4.2062
16,15,0.66775,1.56692,5.48263
17,14,0.608885,1.58563,5.8861
18,10,0.72874,1.72716,4.72544
19,14,0.583679,1.49187,5.13858
20,16,0.583679,1.64036,5.53273
21,11,0.697115,1.76817,5.2275
22,9,0.791361,1.8011,4.03343
23,16,0.673354,1.60561,5.52369
24,14,0.861093,1.7178,7.13629
25,16,0.524721,1.52824,3.81493
26,12,0.461439,1.40158,2.92361
27,14,0.550549,1.53928,3.44156
28,8,0.832999,1.8011,4.23982
29,14,0.550549,1.55752,3.92028
30,14,0.552821,1.5515,4.40153
31,15,0.552821,1.52057,3.90886
32,15,0.763981,1.6539,5.86206
33,16,0.652572,1.53559,6.36081
34,17,0.559575,1.5323,5.08346
35,13,0.559575,1.5808,4.36373
36,8,0.874086,1.8011,3.07519
37,15,0.403518,1.45008,4.51975
38,17,0.403518,1.4443,5.36627
39,15,0.447662,1.40224,5.04393
40,17,0.447662,1.41143,5.20948
41,12,0.744046,1.72521,6.35554
42,15,0.403516,1.38131,3.47739
43,16,0.459587,1.45225,4.86358
44,17,0.583678,1.43671,5.51491
45,18,0.637032,1.53528,7.19243
46,17,0.447661,1.46103,4.79715
47,18,0.447661,1.45436,4.5098
48,16,0.5005,1.52193,5.0594
49,15,0.602681,1.50032,5.15008
50,16,0.602681,1.60263,5.17461
51,15,0.807031,1.63501,6.65503
52,16,0.673354,1.64401,5.45983
53,16,0.541373,1.55669,4.81567
54,16,0.610938,1.59732,5.23256
55,16,0.604756,1.50031,4.27042
56,15,0.604756,1.59638,4.5662
57,14,0.825446,1.70385,7.16352
58,17,0.502996,1.46911,4.37364
59,19,0.702486,1.56464,6.27435
60,18,0.453033,1.41136,4.98194
61,16,0.492935,1.48937,5.59195
62,10,0.987141,1.8011,5.36071
63,16,0.461439,1.49713,5.26902
64,13,0.461439,1.477,3.68219
65,18,0.403516,1.31956,4.25563
66,16,0.55282,1.56397,6.27496
67,17,0.554143,1.47074,4.85946
68,12,0.633088,1.59239,5.22479
69,8,0.781806,1.8011,3.52123
70,18,0.522537,1.39315,4.85978
71,19,0.522537,1.44581,4.66983
72,16,0.502996,1.5062,4.6391
73,16,0.510412,1.44042,4.25225
74,12,0.469688,1.4918,2.79125
75,10,0.478099,1.56616,2.37054
76,6,1.09882,1.8011,3.612
77,14,0.627124,1.53609,4.54034
78,12,0.627124,1.68683,4.15682
79,18,0.288595,1.32842,3.07139
80,18,0.2767,1.32092,2.94197
81,18,0.570657,1.60769,4.75279
82,18,0.707815,1.62638,6.59167
83,17,0.608885,1.55472,4.45873
84,17,0.707815,1.64781,6.7766
85,16,0.6006,1.61392,6.15416
86,14,0.6006,1.57611,5.67699
87,11,0.76398,1.78931,5.58545
88,7,0.935011,1.8011,3.60117
89,11,0.902289,1.8011,5.48316
90,7,0.987141,1.8011,2.97566
91,12,0.461438,1.52209,3.63715
92,14,0.461438,1.48874,3.58841
93,18,0.603119,1.56498,4.80027
94,16,0.6006,1.60454,5.53348
95,15,0.814756,1.62924,7.02326
96,18,0.403517,1.32867,2.927
97,18,0.458041,1.48612,4.31619
98,16,0.495469,1.49644,4.72161
99,14,0.559577,1.47003,4.44054
100,15,0.461439,1.47508,3.2745
101,14,0.516006,1.49543,4.11459
102,14,0.559576,1.63353,5.27114
103,12,0.602682,1.63628,4.46538
104,11,0.602682,1.74621,3.31693
105,7,0.918795,1.8011,3.5537
106,12,0.728739,1.66263,5.65849
107,14,0.728739,1.73106,5.27515
108,8,0.433075,1.65554,2.33151
109,12,0.375934,1.50165,2.20652
110,16,0.608883,1.56488,4.32125
111,14,0.608883,1.59683,4.05712
112,13,0.541373,1.44676,3.75427
113,14,0.541373,1.54146,4.42257
114,13,0.570659,1.59391,5.23798
115,12,0.474024,1.48792,3.97386
116,12,0.453223,1.63791,4.18368
117,9,0.637032,1.70402,3.09263
118,10,0.570658,1.61579,3.48936
119,8,0.570658,1.8011,2.48022
120,17,0.403516,1.30346,3.38803
121,16,0.403516,1.27735,3.59588
122,17,0.493237,1.454,5.34357
123,18,0.547614,1.53709,5.00775
124,16,0.424688,1.46405,4.41927
125,16,0.695317,1.54442,5.9947
126,18,0.424688,1.49063,5.11188
127,17,0.602682,1.40325,4.9848
128,17,0.650649,1.63637,6.29054
129,15,0.652573,1.57858,6.1882
130,15,0.541373,1.51085,4.85052
131,12,0.697115,1.71596,5.22298
132,11,0.697115,1.73841,4.15857
133,12,0.559576,1.46444,3.97085
134,16,0.559576,1.56226,5.20312
135,15,0.450451,1.39585,3.93182
136,16,0.450451,1.43953,3.99976
137,18,0.602682,1.50442,5.57613
138,18,0.510412,1.48614,4.70921
139,17,0.510412,1.4886,4.51951
140,16,0.716607,1.62013,5.57265
141,17,0.716607,1.688,5.96306
142,14,0.583678,1.53395,5.26064
143,15,0.570657,1.57592,4.53712
144,10,0.808583,1.79321,5.01536
145,8,0.604756,1.8011,2.47022
146,8,0.604756,1.70863,3.21942
147,11,0.838991,1.78861,5.74716
148,15,0.583678,1.61085,4.78879
149,14,0.570659,1.54904,4.06812
150,16,0.570659,1.50699,3.94846
151,16,0.79136,1.78412,6.46711
152,12,0.776985,1.70366,6.25171
153,14,0.721831,1.62912,5.11776
154,13,0.728738,1.63032,4.69178
155,11,0.838991,1.8011,5.20305
156,13,0.608885,1.64482,4.90997
157,13,0.79136,1.7867,6.04677
158,10,0.41356,1.48715,3.29113
159,13,0.390903,1.53409,3.63684
160,10,0.807032,1.65615,5.43916
161,11,0.559576,1.63369,2.95466
162,11,0.584306,1.68241,3.6969
163,7,0.619085,1.72176,3.45239
164,7,0.738979,1.8011,2.49486
165,5,1.09311,1.8011,1.69343
166,3,1.09311,1.8011,1.28294
167,8,0.522537,1.78683,2.70581
168,6,0.526761,1.8011,1.96492
169,8,0.874086,1.8011,2.83809
170,11,0.461438,1.50385,2.98813
171,8,0.667751,1.61514,3.57546
172,12,0.667751,1.69917,4.9883
173,9,0.922876,1.8011,4.29026
174,15,0.440082,1.38184,4.90054
175,14,0.461438,1.38767,4.34449
176,15,0.357721,1.34311,3.33639
177,13,0.4063,1.43015,2.60525
178,17,0.583678,1.55454,6.56606
179,11,0.671491,1.73353,3.90281
180,15,0.583678,1.58882,5.94584
181,10,0.55282,1.70471,4.3768
182,12,0.55282,1.64687,3.66186
183,17,0.604757,1.56018,6.37893
184,20,0.604757,1.53175,7.34358
185,21,0.440262,1.42891,6.02103
186,20,0.307148,1.29023,4.59702
187,18,0.427627,1.29906,4.63601
188,19,0.744047,1.67226,8.08257
189,20,0.652572,1.55268,8.41545
190,21,0.496605,1.40229,6.10818
191,23,0.492935,1.40419,6.21568
192,19,0.492935,1.46058,6.47
193,16,0.45045,1.51625,5.88548
194,11,0.502996,1.55212,3.67353
195,11,0.45045,1.50738,4.44846
196,11,0.541373,1.53595,4.10572
197,16,0.541373,1.55159,5.75446
198,18,0.461438,1.32212,4.72178
199,19,0.461438,1.43462,5.29017
200,15,0.539055,1.49982,5.12331
201,12,0.680753,1.62131,5.44991
202,13,0.532039,1.57751,4.6377
203,10,0.532039,1.63093,3.38762
204,9,0.515296,1.56871,2.80302
205,10,0.515296,1.62427,3.10465
206,12,0.680754,1.67887,4.89487
207,12,0.5005,1.48199,3.96303
208,11,0.680754,1.69101,3.72395
209,7,0.983326,1.8011,3.75107
210,13,0.652573,1.57838,4.88407
211,15,0.5005,1.38184,4.09183
212,15,0.55282,1.45915,4.19457
213,9,0.922877,1.8011,4.03939
214,14,0.667751,1.59396,6.10388
215,11,0.453222,1.51635,3.96478
216,15,0.546008,1.63553,4.75788
217,9,0.680753,1.8011,3.42698
218,10,0.762338,1.75819,3.81335
219,10,0.602682,1.62359,3.15605
220,12,0.5005,1.45801,4.07692
221,14,0.673354,1.63614,5.93965
222,16,0.5005,1.50746,5.03257
223,20,0.608884,1.48724,6.23419
224,18,0.541373,1.4773,5.10674
225,19,0.695317,1.58165,7.83044
226,20,0.532039,1.44429,4.98121
227,18,0.465811,1.42092,4.78035
228,20,0.556548,1.53752,6.51386
229,21,0.738979,1.71731,8.57956
230,18,0.738979,1.66633,7.34893
231,13,0.539055,1.50566,4.34802
232,8,0.983326,1.8011,5.60537
233,9,0.983326,1.8011,3.32368
234,16,0.503326,1.48217,4.7138
235,21,0.744047,1.5575,7.4534
236,20,0.532115,1.4366,6.16696
237,20,0.493815,1.4501,6.08035
238,21,0.532039,1.34872,4.76076
239,16,0.492935,1.47708,4.99517
240,16,0.619084,1.58756,5.94151
241,17,0.570658,1.48615,6.16608
242,19,0.522537,1.43149,5.70004
243,18,0.522537,1.39936,5.28826
244,23,0.610938,1.59694,7.74997
245,21,0.480679,1.43096,6.13721
246,21,0.529765,1.45083,6.45269
247,21,0.583678,1.49355,7.1947
248,25,0.602682,1.52163,7.73811
249,25,0.548926,1.52147,7.75983
250,21,0.454048,1.41762,6.54171
251,22,0.453222,1.38669,5.89198
252,21,0.658306,1.5009,7.43997
253,19,0.539055,1.44608,5.18727
254,22,0.515296,1.39367,6.26262
255,20,0.492277,1.44166,7.27954
256,22,0.492998,1.46197,7.52414
257,21,0.493044,1.35929,6.09413
258,21,0.541373,1.37739,5.85669
259,23,0.492935,1.40586,5.18448
260,22,0.659106,1.57927,8.17859
261,22,0.45045,1.3087,4.45879
262,25,0.640953,1.56184,7.48759
263,23,0.55055,1.45439,6.40313
264,21,0.510412,1.42987,6.27127
265,24,0.523471,1.47086,6.19345
266,24,0.605073,1.55651,7.06199
267,23,0.658305,1.57036,8.06306
268,21,0.559576,1.40205,5.28852
269,18,0.602681,1.53657,5.60257
270,11,0.627125,1.64181,4.2737
271,8,0.825445,1.8011,3.84471
272,14,0.627125,1.56624,5.53989
273,21,0.579043,1.57874,6.56005
274,20,0.49084,1.45799,5.6682
275,19,0.412724,1.33107,4.50104
276,22,0.65065,1.56184,7.77893
277,24,0.550738,1.50088,6.54803
278,18,0.58582,1.47477,6.85226
279,19,0.570658,1.52296,6.3255
280,14,0.716607,1.61639,5.80572
281,10,0.716607,1.77219,4.29517
282,18,0.570658,1.49138,5.0048
283,7,0.721831,1.76595,3.59457
284,15,0.697116,1.64269,6.02971
285,20,0.744048,1.63323,8.44168
286,23,0.553319,1.52734,6.75827
287,10,0.707814,1.77156,4.53911
288,15,0.522537,1.55587,4.90547
289,19,0.522537,1.4235,4.81231
290,22,0.600599,1.56447,7.12459
291,24,0.552821,1.50996,7.00869
292,24,0.637033,1.53393,7.36118
293,22,0.44766,1.36018,4.90506
294,21,0.49547,1.42332,6.30235
295,10,0.602682,1.67044,3.71699
296,12,0.66775,1.65909,4.65373
297,16,0.532039,1.45806,5.42131
298,21,0.485509,1.48392,5.76858
299,20,0.529914,1.47069,5.88856
300,21,0.527545,1.41581,5.74582
301,22,0.523385,1.43257,6.12654
302,14,0.707814,1.68544,7.14659
303,11,0.76398,1.731,4.92667
304,16,0.7007,1.59166,7.24194
305,22,0.492936,1.372,5.07299
306,24,0.492936,1.36758,5.27201
307,24,0.511694,1.44521,6.28267
308,24,0.475845,1.43433,5.89145
309,25,0.566975,1.54078,7.01556
310,22,0.492935,1.36843,5.21168
311,21,0.565654,1.50887,6.83742
312,21,0.447661,1.38058,4.94003
313,22,0.570658,1.43352,5.67294
314,23,0.570658,1.43857,6.65839
315,23,0.495469,1.42517,6.70325
316,20,0.495469,1.42602,6.97138
317,22,0.440409,1.43351,6.74354
318,23,0.472083,1.439,6.53436
319,26,0.468029,1.46887,7.04806
320,22,0.487832,1.39683,5.84735
321,24,0.515218,1.41296,6.49877
322,23,0.515296,1.43048,5.8323
323,19,0.65065,1.50546,6.1732
324,18,0.65065,1.60974,6.44723
325,11,0.658305,1.68682,4.83061
326,11,0.658307,1.69673,4.56697
327,14,0.510412,1.52847,3.23021
328,14,0.510412,1.38022,4.41779
329,21,0.602682,1.52213,7.0127
330,22,0.389797,1.37187,5.37813
331,21,0.42604,1.33215,5.11751
332,21,0.516454,1.48915,6.91938
333,16,0.35035,1.28998,4.32214
334,18,0.35035,1.33813,4.13534
335,13,0.559576,1.55798,4.78848
336,11,0.750749,1.76203,4.93206
337,16,0.602682,1.54665,5.67358
338,21,0.619085,1.53662,7.27393
339,22,0.738979,1.54962,8.87259
340,23,0.472171,1.4587,6.76595
341,24,0.47032,1.39234,6.23775
342,23,0.561583,1.52041,7.75975
343,24,0.542183,1.51701,7.52568
344,23,0.492936,1.45565,6.42117
345,21,0.585769,1.42727,7.01841
346,21,0.542567,1.39911,5.62496
347,21,0.570658,1.48553,5.88316
348,20,0.570658,1.47625,5.65849
349,19,0.559576,1.43607,5.12232
350,19,0.447661,1.39772,5.47245
351,20,0.492935,1.44481,5.97088
352,22,0.559576,1.44212,5.64316
353,20,0.613685,1.64605,7.3811
354,19,0.326174,1.34129,4.23643
355,13,0.633088,1.60645,5.99309
356,12,0.633088,1.6845,4.35837
357,15,0.322578,1.33095,3.42487
358,14,0.357721,1.28298,3.3213
359,19,0.461439,1.36797,4.95279
360,22,0.595257,1.51377,6.44316
361,25,0.76398,1.63775,8.66567
362,20,0.461438,1.37546,4.83385
363,22,0.553636,1.56003,6.94278
364,22,0.461438,1.3382,4.90001
365,22,0.546351,1.45693,6.66053
366,20,0.375182,1.43346,5.59082
367,20,0.391179,1.43241,5.44895
368,23,0.541059,1.50458,6.89278
369,22,0.585819,1.45865,6.52341
370,21,0.527657,1.44254,6.02632
371,21,0.602682,1.50794,6.68932
372,20,0.5005,1.42948,5.26638
373,22,0.672368,1.52313,6.30034
374,21,0.602682,1.48593,6.35705
375,21,0.44766,1.40312,4.90097
376,19,0.44766,1.35472,4.85968
377,20,0.64076,1.55634,7.48625
378,22,0.515406,1.49674,6.4062
379,20,0.524879,1.5053,7.03038
380,25,0.595987,1.51019,7.0722
381,24,0.558614,1.46066,6.95579
382,23,0.474817,1.3865,6.753
383,23,0.474817,1.38229,6.06335
384,23,0.563416,1.4784,6.76676
385,21,0.461438,1.31568,4.65152
386,23,0.627124,1.52922,7.20137
387,22,0.583678,1.4713,6.49315
388,20,0.515513,1.46044,5.77028
389,21,0.475892,1.45118,5.45494
390,22,0.596668,1.55123,6.41493
391,20,0.65065,1.52598,6.82531
392,19,0.6006,1.52186,6.48264
393,19,0.412722,1.31081,3.78349
394,20,0.6006,1.50498,6.98657
395,21,0.602682,1.51891,6.8375
396,21,0.610938,1.50101,6.31665
397,20,0.532039,1.44159,5.64617
398,11,0.45045,1.55126,2.82493
399,14,0.489916,1.53337,4.12304
400,16,0.608885,1.52409,5.887
401,21,0.532039,1.4732,6.03027
402,22,0.552821,1.46854,5.9404
403,10,0.820881,1.8011,4.50832
404,15,0.47217,1.44068,4.83928
405,18,0.461438,1.38737,5.40627
406,20,0.461438,1.34935,5.39387
407,22,0.552821,1.47794,6.45779
408,19,0.570658,1.41915,5.31185
409,19,0.65065,1.522,6.60282
410,22,0.559576,1.46388,4.92942
411,18,0.496011,1.39383,4.93355
412,22,0.673354,1.59287,7.58702
413,21,0.673354,1.57786,7.53993
414,24,0.510412,1.46241,5.365
415,20,0.474816,1.37871,4.61624
416,22,0.560416,1.47897,5.84765
417,24,0.640953,1.54079,7.73435
418,19,0.492935,1.38411,5.41406
419,20,0.461439,1.41126,5.31273
420,20,0.510412,1.3821,5.00713
421,21,0.461439,1.44274,5.45592
422,19,0.492935,1.43326,5.63195
423,16,0.364368,1.33006,3.53213
424,16,0.364368,1.39368,3.96926
425,12,0.583678,1.58168,4.03994
426,16,0.633089,1.57353,6.62808
427,20,0.502996,1.39415,4.22426
428,20,0.502996,1.37749,4.72199
429,22,0.658304,1.59921,7.63939
430,22,0.552821,1.46226,6.60163
431,22,0.439379,1.39026,5.04418
432,22,0.472311,1.46407,5.69173
433,11,0.242037,1.4117,2.60137
434,11,0.237171,1.41801,2.78746
435,13,0.711345,1.66395,5.71667
436,16,0.510412,1.44434,4.28487
437,17,0.510412,1.34627,4.89826
438,8,0.707814,1.73555,3.83019
439,11,0.453222,1.47727,3.25847
440,15,0.453222,1.39658,3.72328
441,22,0.6006,1.52862,6.85627
442,22,0.502996,1.43139,6.12377
443,24,0.502996,1.46601,6.84192
444,23,0.492934,1.441,6.66757
445,21,0.492934,1.36963,6.2055
446,23,0.436341,1.38347,5.20464
447,23,0.488909,1.43551,5.49873
448,22,0.49547,1.43426,5.43872
449,21,0.461438,1.37465,5.92687
450,22,0.579746,1.51633,7.06784
451,19,0.680753,1.50307,7.47568
452,19,0.570658,1.46577,5.95272
453,20,0.42604,1.358,5.5043
454,20,0.418375,1.41749,5.80378
455,20,0.474852,1.45853,6.46663
456,20,0.54881,1.52304,6.96229
457,23,0.652572,1.57404,7.88668
458,23,0.522537,1.46792,6.39123
459,19,0.652572,1.48913,6.96309
460,22,0.528852,1.49826,6.62402
461,18,0.427627,1.33229,4.35112
462,18,0.75075,1.65247,7.55444
463,8,1.07112,1.8011,4.55907
464,13,0.652574,1.6562,5.38591
465,10,0.652574,1.77291,3.8283
466,14,0.31787,1.37586,3.37433
467,15,0.330961,1.33341,3.13414
468,11,0.671492,1.67765,4.84155
469,8,0.671492,1.78428,2.9138
470,19,0.610938,1.53284,6.30989
471,17,0.461438,1.42718,4.23042
472,15,0.486783,1.38677,3.87103
473,17,0.500501,1.38242,5.13777
474,18,0.602682,1.54284,6.46471
475,12,0.702484,1.68321,4.92457
476,7,0.902289,1.8011,3.87207
477,9,0.716607,1.79787,4.09435
478,12,0.680752,1.59879,4.70045
479,8,0.608885,1.66642,3.33678
480,10,0.608885,1.64339,4.79771
481,9,0.920158,1.8011,4.33029
482,9,0.570658,1.78298,2.67875
483,10,0.570658,1.59013,3.43878
484,8,0.707814,1.74276,3.67356
485,11,0.707814,1.79893,4.75564
486,10,0.920159,1.8011,4.33467
487,13,0.658305,1.60538,5.1752
488,14,0.658305,1.66301,4.66417
489,14,0.838991,1.74498,6.3982
490,15,0.781805,1.75302,6.02451
491,17,0.637033,1.62096,4.72732
492,15,0.637033,1.52071,5.22455
493,16,0.716607,1.67053,6.24006
494,16,0.427627,1.48042,5.04033
495,14,0.427627,1.50384,4.7209
496,16,0.680753,1.61373,6.98799
497,16,0.430546,1.40278,4.2697
498,17,0.627124,1.55412,5.53094
499,15,0.566252,1.527,4.94116
500,12,0.566252,1.56475,4.93681
501,8,0.778595,1.77141,4.03399
502,10,0.427625,1.5267,3.93946
503,14,0.427625,1.4864,4.24211
504,6,0.765618,1.8011,2.6959
505,10,0.765618,1.79868,5.30391
506,10,0.807033,1.8011,4.66523
507,15,0.855254,1.76318,6.89542
508,15,0.515296,1.44264,3.82906
509,16,0.515296,1.50977,4.4908
510,15,0.515297,1.42842,3.79007
511,14,0.711345,1.672,5.79734
512,14,0.610937,1.63867,4.58159
513,13,0.744048,1.72168,5.60269
514,15,0.610937,1.57485,4.2029
515,15,0.673353,1.60702,5.60772
516,14,0.461438,1.48541,4.43668
517,11,0.522537,1.51515,3.72599
518,14,0.461438,1.47532,4.73844
519,9,0.752416,1.73819,4.35768
520,14,0.510412,1.50168,4.81845
521,15,0.510412,1.39,4.1619
522,16,0.72874,1.67042,6.11183
523,14,0.820881,1.7909,6.67281
524,16,0.702485,1.61421,4.855
525,16,0.473749,1.50969,4.7404
526,17,0.46144,1.4239,4.03787
527,15,0.515296,1.55177,5.25261
528,15,0.602683,1.47502,4.47404
529,15,0.619083,1.65009,5.98008
530,13,0.619083,1.67858,4.9318
531,8,0.673354,1.79363,3.14585
532,15,0.667752,1.67679,5.98824
533,15,0.65257,1.53496,6.37756
534,11,0.474816,1.53857,2.85653
535,9,0.474816,1.46199,3.30409
536,16,0.390902,1.3639,3.84684
537,15,0.667749,1.53803,5.86214
538,16,0.390902,1.37672,3.69982
539,16,0.627127,1.61208,6.11883
540,15,0.610937,1.61636,4.97378
541,16,0.610937,1.62674,5.48648
542,15,0.633089,1.62585,4.80863
543,14,0.633089,1.56002,5.02302
544,17,0.744046,1.71783,5.80106
545,17,0.55282,1.44118,4.69845
546,17,0.570658,1.54815,5.34094
547,12,0.610938,1.522,5.15589
548,15,0.294003,1.32783,4.10624
549,13,0.283125,1.38057,3.87429
550,11,0.500501,1.66544,3.738
551,14,0.610938,1.47691,6.46609
552,19,0.424689,1.36567,4.43057
553,19,0.456633,1.35452,4.06546
554,17,0.627124,1.52679,4.50265
555,20,0.627124,1.59331,6.10713
556,16,0.270019,1.22864,3.52816
557,16,0.276777,1.18818,3.13287
558,13,0.697117,1.71005,5.40934
559,14,0.697117,1.6984,6.08741
560,14,0.412724,1.34969,4.3085
561,13,0.458656,1.43205,4.98558
562,15,0.453222,1.41427,5.3751
563,16,0.640953,1.4793,5.82774
564,16,0.406913,1.40999,3.62876
565,15,0.667752,1.57353,4.9017
566,16,0.667752,1.66441,6.02506
567,17,0.72183,1.65181,6.7697
568,14,0.602683,1.64249,5.46317
569,9,0.716604,1.71902,3.97439
570,13,0.838991,1.76269,6.63253
571,10,0.633087,1.75777,3.43478
572,11,0.5005,1.56439,4.28707
573,12,0.400402,1.40652,3.94375
574,8,0.922878,1.8011,4.82317
575,15,0.5005,1.47987,4.29538
576,12,0.5005,1.43145,3.40609
577,12,0.453222,1.52323,4.29835
578,10,0.489088,1.57298,3.79614
579,8,0.515296,1.70815,3.45774
580,7,0.502996,1.6906,3.25613
581,9,0.502996,1.64531,3.24122
582,11,0.610939,1.65737,4.45845
583,14,0.360915,1.42314,3.98224
584,15,0.38106,1.46084,4.91634
585,20,0.447877,1.51081,5.51799
586,14,0.453221,1.39033,3.7618
587,16,0.453221,1.40434,4.93842
588,12,0.427627,1.57216,3.68417
589,18,0.427627,1.51024,4.70987
590,11,0.716606,1.67566,5.56331
591,13,0.5005,1.5741,4.2976
592,16,0.5005,1.45022,5.1856
593,15,0.269528,1.26715,3.83925
594,15,0.292743,1.39597,4.30247
595,12,0.79136,1.8011,5.7878
596,8,0.832997,1.8011,3.45648
597,18,0.602683,1.52014,4.83788
598,19,0.363361,1.38619,4.33255
599,18,0.335745,1.29548,3.87114
600,20,0.604756,1.53029,7.01775
601,23,0.55282,1.4327,5.32635
602,22,0.510412,1.43692,5.73391
603,20,0.510412,1.38568,5.23945
604,21,0.47217,1.4036,5.67274
605,19,0.47217,1.29369,4.42589
606,15,0.515297,1.48492,5.31185
607,12,0.515297,1.49242,3.74584
608,10,0.652572,1.76469,4.25862
609,15,0.570659,1.55951,4.45424
610,16,0.570659,1.3953,4.62375
611,20,0.55117,1.59327,6.72825
612,19,0.234915,1.21687,2.96821
613,17,0.426894,1.3471,4.77896
614,18,0.522537,1.39433,4.99745
615,19,0.522537,1.40021,4.47088
616,18,0.5005,1.47342,5.14741
617,16,0.5005,1.39602,4.0384
618,18,0.55195,1.47238,4.1514
619,17,0.6006,1.62657,6.02005
620,16,0.762338,1.63965,7.1861
621,15,0.450451,1.51094,3.79145
622,12,0.465442,1.56817,3.05313
623,12,0.602681,1.43441,5.32631
624,17,0.539055,1.59193,5.62239
625,16,0.539055,1.51399,5.10963
626,18,0.658304,1.60524,5.9032
627,17,0.702484,1.60931,5.72013
628,12,0.65065,1.69571,4.29432
629,9,0.65065,1.69799,3.84057
630,9,0.807032,1.8011,3.68711
631,16,0.270774,1.2833,3.20311
632,17,0.270774,1.31713,3.51443
633,16,0.673353,1.57782,6.48814
634,17,0.744048,1.60335,5.93869
635,16,0.502996,1.43357,3.83852
636,18,0.502996,1.46256,3.8076
637,17,0.53204,1.48538,4.73222
638,17,0.53204,1.46092,5.12869
639,17,0.619085,1.50175,5.8161
640,19,0.680754,1.57014,5.7932
641,19,0.403516,1.34782,3.94194
642,20,0.573208,1.5035,5.47737
643,16,0.602681,1.43854,5.36347
644,13,0.541375,1.55853,4.63646
645,10,0.541375,1.577,2.87723
646,13,0.73898,1.79196,6.42638
647,19,0.559576,1.53814,5.98014
648,16,0.559576,1.38425,5.05165
649,11,0.744046,1.75279,5.10677
650,9,0.850849,1.8011,4.6565
651,17,0.707814,1.71217,7.47009
652,19,0.602682,1.48682,7.00335
653,18,0.539055,1.46209,6.4527
654,19,0.453223,1.40146,5.08259
655,14,0.72874,1.64527,6.52945
656,17,0.453223,1.4084,5.02244
657,18,0.500498,1.4061,4.4369
658,20,0.500498,1.54399,6.08283
659,10,0.652571,1.68177,3.57163
660,14,0.633089,1.64702,4.93795
661,15,0.495469,1.51653,3.96474
662,11,0.495469,1.62532,3.90249
663,7,0.711344,1.79831,3.36059
664,12,0.602682,1.57013,4.86474
665,15,0.791362,1.63363,7.62719
666,19,0.53204,1.43516,4.62993
667,17,0.53204,1.55539,5.47573
668,16,0.60268,1.48831,4.93103
669,17,0.744048,1.70857,6.43846
670,15,0.65065,1.6348,6.70719
671,15,0.23798,1.29241,3.55143
672,14,0.245019,1.23176,3.04531
673,13,0.602682,1.53654,3.99809
674,12,0.650649,1.65734,5.16114
675,14,0.700701,1.59615,6.45979
676,17,0.702486,1.63328,5.77368
677,15,0.370829,1.29133,2.62521
678,14,0.406246,1.3585,2.69143
679,17,0.583679,1.60236,6.7498
680,18,0.539055,1.46943,4.71968
681,16,0.539055,1.43348,5.3117
682,15,0.583678,1.53091,5.27733
683,14,0.673354,1.66827,4.97759
684,9,0.559575,1.72236,3.53433
685,9,0.559575,1.6382,3.13114
686,15,0.522537,1.44542,4.62035
687,15,0.522537,1.51995,4.9241
688,16,0.602682,1.57362,5.51249
689,14,0.702486,1.71818,6.83632
690,11,0.310075,1.35017,2.66683
691,11,0.340785,1.46877,2.65602
692,9,0.608885,1.70179,3.67974
693,10,0.608885,1.59185,4.20369
694,11,0.852321,1.8011,3.92916
695,11,0.680754,1.61326,4.98845
696,16,0.515297,1.52008,4.56577
697,16,0.515297,1.4717,4.03788
698,16,0.728737,1.68162,5.8413
699,15,0.750752,1.70117,5.50149
700,14,0.711346,1.60425,5.20506
701,15,0.781808,1.78673,7.00379
702,13,0.570656,1.5821,4.74826
703,11,0.570656,1.77046,4.44853
704,6,0.608885,1.6745,2.74578
705,11,0.744049,1.67916,4.60656
706,9,0.474817,1.56423,3.38546
707,6,0.474817,1.64923,2.21788
708,15,0.700701,1.66858,5.83434
709,7,0.667752,1.71989,2.96586
710,8,1.01344,1.8011,5.16771
711,9,0.510412,1.66691,3.1799
712,10,0.510412,1.54757,4.10564
713,10,0.410411,1.53086,2.42813
714,11,0.335746,1.4452,3.05043
715,16,0.652572,1.65558,6.10257
716,14,0.47217,1.42531,4.36616
717,15,0.47217,1.55954,4.5948
718,15,0.700701,1.53274,6.15232
719,15,0.515295,1.50638,3.95066
720,16,0.5005,1.47357,5.19204
721,19,0.5005,1.55506,5.91547
722,18,0.460298,1.47414,4.95831
723,20,0.68682,1.67881,7.5793
724,20,0.718578,1.66567,6.94843
725,15,0.55282,1.51015,4.34858
726,12,0.55282,1.54912,4.10975
727,7,0.993464,1.8011,3.00797
728,14,0.455488,1.33296,2.89911
729,13,0.450449,1.44803,3.10958
730,8,0.637031,1.60512,3.64785
731,7,0.637031,1.8011,2.88405
732,9,0.711344,1.8011,3.33001
733,11,0.711344,1.72704,4.88114
734,17,0.338965,1.27691,2.92144
735,19,0.29177,1.23262,2.81054
736,18,0.461438,1.44348,5.25729
737,13,0.765618,1.68138,6.86949
738,13,0.658307,1.62313,5.03411
739,9,0.956205,1.8011,4.9576
740,6,0.944341,1.8011,2.71246
741,14,0.610937,1.54465,5.84853
742,20,0.566329,1.55072,6.50293
743,19,0.412722,1.35371,4.66938
744,17,0.412722,1.30949,4.17239
745,12,0.347578,1.41626,2.78895
746,13,0.350472,1.34474,3.26417
747,11,0.750751,1.8011,4.26468
748,17,0.65065,1.53566,6.48908
749,10,0.671492,1.75141,4.20602
750,7,0.566252,1.8011,2.89793
751,11,0.566252,1.66008,4.30405
752,11,0.324747,1.32094,2.55503
753,13,0.460323,1.49402,4.16459
754,11,0.58582,1.52013,3.90757
755,13,0.532039,1.51829,4.05974
756,16,0.532039,1.41218,4.96771
757,18,0.583678,1.53275,7.05901
758,20,0.583678,1.60233,7.84799
759,14,0.45045,1.48966,4.72015
760,15,0.368334,1.3466,4.19944
761,18,0.316544,1.23291,4.68938
762,24,0.55055,1.41583,9.29428
763,24,0.392618,1.31264,6.37954
764,26,0.375,1.30045,6.46358
765,14,0.721831,1.72301,4.99361
766,20,0.637032,1.49984,8.31742
767,27,0.609099,1.55154,10.4274
768,28,0.422034,1.35274,7.32275
769,28,0.438767,1.35423,7.68927
770,22,0.461438,1.29051,6.84778
771,14,0.335745,1.32228,4.25696
772,16,0.359987,1.44493,4.68214
773,21,0.597738,1.5988,8.30103
774,14,0.500316,1.53621,4.50741
775,18,0.337757,1.33666,4.41129
776,14,0.312544,1.28955,2.89815
777,17,0.510412,1.54635,5.36655
778,22,0.47217,1.30318,6.71642
779,22,0.522537,1.43511,8.1944
780,16,0.430546,1.42282,4.47733
781,18,0.430546,1.31325,6.08981
782,25,0.5005,1.38796,8.29622
783,18,0.360916,1.27136,5.39093
784,14,0.65065,1.65,6.32439
785,13,0.5005,1.59572,4.47709
786,15,0.410395,1.37621,5.36319
787,15,0.453222,1.45483,5.25187